reservation_id,date,room,start,end,customer,member_type
R0901,2026-09-01,小会議室A,10:00,11:00,あおば設計事務所,member
R0902,2026-09-02,中会議室B,13:00,14:30,つばめ企画,visitor
R0903,2026-09-03,セミナールームC,09:30,12:00,ひだまり税理士法人,member
R0904,2026-09-04,小会議室A,15:00,15:45,つばめ企画,visitor
R0905,2026-09-08,中会議室B,10:00,11:10,あおば設計事務所,member
R0906,2026-09-10,セミナールームC,13:00,14:40,つばめ企画,visitor
R0907,2026-09-15,小会議室A,11:00,11:20,みなと写真教室,visitor
R0908,2026-09-16,中会議室B,14:00,16:00,ひだまり税理士法人,member
R0909,2026-09-17,セミナールームC,18:00,20:30,みなと写真教室,visitor
R0910,2026-09-18,小会議室A,09:00,10:30,あおば設計事務所,member
R0911,2026-09-24,中会議室B,13:00,13:50,つばめ企画,visitor
R0912,2026-09-29,セミナールームC,10:00,11:30,ひだまり税理士法人,member
